,viaje,location_dist
0,18-1,0.6444156889264804
1,405-4,6.753333928281518
2,30-1,0.8699871816703765
3,87-1,2.9540976693749976
4,34-1,1.0863438976028248
5,479-4,2.2263550174580304
6,338-2,5.155259446537915
7,355-3,5.70444839600251
8,197-4,3.550786545153352
9,149-2,2.495455391946177
10,371-3,6.066823959346609
11,254-2,1.2191971600983265
12,125-1,1.3837693454145874
13,150-1,2.652708310996654
14,57-1,2.1984120876117057
15,182-3,0.8713447023812639
16,329-3,5.314501255267916
17,271-2,2.419596114689886
18,164-2,3.223818398116484
19,152-1,2.9031270231950703
20,274-1,1.7472296925692918
21,317-3,4.399647494194605
22,197-1,3.8228341820776235
23,318-1,4.634196294049504
24,449-4,2.329356282493976
25,324-4,4.447473764189571
26,33-2,0.9656164689138427
27,160-1,3.1186385967023114
28,301-3,4.397371715065212
29,86-1,0.9264829925161557
30,120-1,1.2472120815588852
31,160-2,2.949161280893746
32,65-2,3.3796183122506775
33,298-1,4.323602915541538
34,98-1,2.0491510609758223
35,182-1,0.6034745721295409
37,14-1,0.7815814616788369
38,22-2,1.2617579866610102
39,216-2,3.59960058044019
40,170-1,6.532600540170839
41,381-3,2.0745706906695704
42,134-1,5.182648613480492
43,334-3,2.3500260660984758
44,150-3,0.8331789918609401
45,472-2,1.3139556576020697
46,182-4,3.225641644299944
47,179-3,2.2873801054215286
48,61-3,1.929984411452911
49,207-2,2.5338260094514116
50,82-1,2.236238562623726
51,63-1,3.450989054934192
52,65-4,5.1189619233923604
53,327-3,0.30657559707673665
54,5-2,5.520197228001459
55,347-3,0.7169629393934319
56,260-2,0.5617460527585323
57,85-1,1.2724224288369725
58,448-2,0.0
59,1-1,6.676857355597984
60,392-3,1.450766619690866
61,42-1,4.695455513284289
62,309-3,3.6360137600798015
63,103-4,7.147626771526754
64,433-4,6.904110065189141
65,414-3,1.1536130555546034
66,35-2,5.842006528037569
67,359-3,0.6542481039264691
68,15-2,3.8861694896553067
69,104-2,1.6032374620064391
70,115-2,0.6549481777956692
71,18-3,1.692465911735014
72,130-1,3.166561939096434
73,75-3,6.724049881348586
74,386-3,7.357954049327501
75,428-4,3.927281788205493
78,291-3,4.571905489225029
79,351-3,2.370732578435491
80,436-4,1.9134831159038013
81,306-3,4.194207728722725
82,209-2,1.4714361394359912
83,258-2,3.8973256892288166
85,306-2,2.2213253346417936
86,127-1,4.680259334646687
87,293-3,5.701880387787258
88,6-2,2.6671502108487286
89,274-2,4.447244404784953
90,307-3,2.448551859426291
91,354-3,2.759061706498752
93,266-4,3.9007957135228186
94,286-3,5.4081145824544565
95,143-1,4.176168182732829
96,183-1,1.6692014876549979
97,151-1,1.7192016965552674
98,196-1,2.5372439870440786
100,332-3,1.009178513619677
101,297-3,6.321254018574846
102,478-2,3.367188696532971
103,223-2,3.442339150211475
104,145-1,2.007222919643052
105,52-1,6.563492730105103
106,193-4,0.7508274477191421
107,364-3,4.565097570981274
108,163-1,6.234143079812878
110,452-2,0.7355345158874593
111,479-1,1.8345510383295358
113,420-4,3.7127116416392196
114,14-2,7.592491926332807
118,305-3,4.192615009003431
119,398-4,2.942402676894366
120,139-1,1.1060030640707395
121,27-1,5.729231328934387
122,135-1,3.3905767057299743
123,138-1,1.6902047971796834
124,97-1,2.9883205447807146
125,434-1,6.05958445513884
126,289-1,4.778412535446333
127,136-1,3.431496441511522
128,173-1,2.1491499780603354
129,305-2,7.220268538980513
130,80-1,1.5834042415674459
131,225-2,6.533888175370205
132,357-3,7.083880150233572
133,174-2,0.8689993138868447
134,111-1,2.5287234304925637
135,172-4,5.337693434808744
136,373-3,4.157186494115549
137,321-3,4.044488550102602
139,167-1,2.878852071178174
140,142-4,6.261076215796748
141,420-3,0.5268469267836277
142,194-2,3.355534844503985
144,396-3,2.056998119229575
145,409-4,2.537295473804455
146,159-1,0.30656812351722496
147,221-2,4.716518886555756
148,328-3,5.26994438099017
150,301-2,1.676861918693823
151,461-1,1.8825112870728595
152,133-1,1.9472374299306905
153,194-3,1.1768826005443564
154,366-3,1.4418378791675046
156,11-1,7.535567240836041
158,162-1,7.20621912126082
159,185-1,6.002023241448681
160,194-1,2.2318522069459936
161,70-3,1.0325004329303922
162,6-1,2.563943008126468
163,314-3,1.5640655273125843
164,337-3,0.7123401244601201
168,277-3,1.9448546909563222
169,139-3,5.1435907317385645
171,29-1,3.804754149695047
172,54-1,0.944533024062911
173,39-2,3.81975466931899
174,204-2,4.326182315007593
175,340-1,3.4631192896610394
176,430-4,3.160296396393462
177,95-1,2.926564081481511
178,424-3,6.090106294441301
179,372-3,2.3900184874495585
180,48-1,3.3565606770869043
181,8-1,1.2699330153926711
183,146-1,2.7984791295203855
185,47-1,7.389931070574575
186,4-1,6.307409566692254
187,22-1,2.5123530711459523
188,174-1,5.787738900191137
190,35-1,1.972425189313018
191,132-1,7.199858926354527
192,326-3,2.908824680701647
194,1-2,2.5542680452513578
195,172-3,1.724879978001468
197,246-2,4.181487388163285
198,300-4,7.620936312847847
199,295-2,2.406682888790083
200,197-2,1.7981927650839653
201,52-2,2.2101426005651805
203,154-1,7.201114215682977
204,363-3,3.3801768710127926
208,142-1,6.903248563913328
209,241-4,2.479823236698431
210,114-2,3.2283070621401664
211,255-1,0.9455614319162254
212,76-3,6.0618883127359755
214,377-4,2.4454408950799325
215,426-3,1.1482042257195249
217,400-4,1.3311707703444806
218,151-2,2.663707619698719
219,349-3,2.9514264900654013
223,244-1,6.531661437498257
225,270-1,2.476608051216886
226,420-1,3.5318165820291445
228,227-2,1.5762781824368874
229,31-3,0.9439897331493923
231,191-1,5.255371036888012
232,51-1,2.2125422655845886
233,316-3,3.3333234093956086
234,294-2,7.440097491528361
235,436-3,1.7117038436814682
236,41-4,3.868211331898897
237,38-3,1.8018830170848026
238,71-2,0.9862503535152911
239,33-4,1.2569768048464594
241,408-4,7.555695198912854
242,87-4,6.102173527570804
243,158-1,3.895145797512188
245,330-2,0.7389027266847518
246,28-3,5.596733249990695
247,435-4,1.248496487903663
248,71-1,2.091804326812807
249,235-4,2.317329984139592
250,451-2,4.008607964015836
253,368-3,3.2697109488241614
256,340-2,3.0946632091202444
258,270-2,3.0156172982733827
259,472-4,2.847635427977839
262,46-1,3.7470852766279896
264,473-4,4.081739650740564
266,232-2,1.747469235725012
267,214-2,3.1102432506882627
269,147-1,7.374725133920973
272,165-2,6.388794134799971
273,120-2,3.7525049054819295
275,380-3,4.046308106955865
276,187-1,4.472297952171261
277,70-1,2.042179898184947
278,276-2,5.140222205088076
279,37-1,0.7772549152188606
280,124-1,8.091451265925679
281,470-4,1.0280625411311899
283,149-1,2.946457122508847
286,336-3,5.872304460814505
289,67-2,2.13115282309906
291,164-1,1.7683266206035804
292,440-4,6.751066159916231
294,14-3,3.70264911534008
295,294-4,2.02423975526501
297,46-3,1.8616816117317976
298,27-2,7.5320661955909225
300,119-1,3.7195810550324535
301,369-3,4.8730821686984
303,427-3,5.84837056943708
305,385-4,2.0445979604747277
306,299-4,3.84568572072006
308,93-1,1.8642693145200777
309,21-2,6.813498858712537
310,348-3,1.9157093738129702
312,9-3,3.0939115939681
313,222-2,1.0646682262936
315,79-4,1.8725096770511014
316,283-1,1.0701268871559857
317,271-1,2.3916238984515177
318,233-1,2.549304305973963
319,180-1,1.48088430121559
320,231-4,3.805004043435917
321,161-3,1.280188458642902
323,167-2,3.669400480077406
324,232-1,0.8753018957802355
325,162-4,3.4638563868584558
327,154-2,2.709085946499593
328,440-1,7.003530078681886
329,19-1,6.6943326584072445
330,226-2,2.9328257778426137
331,97-2,1.746352870143373
332,304-2,2.0747785059345794
334,88-1,4.7197853315395735
335,476-4,2.7125551807476262
338,190-2,4.682972236868851
341,253-3,3.1400183343241617
343,408-3,2.4124709081312443
344,288-2,1.9967118609775025
345,392-4,6.437349648234128
346,365-3,4.129365171960569
347,287-4,2.687878658115395
349,340-3,7.916950652288591
350,190-3,3.6105580074943666
352,311-2,2.028349521036726
353,49-1,5.321530837355409
354,347-2,6.065106123271761
356,258-3,1.802137682746007
357,445-3,3.9910427860841486
358,46-4,6.709001767865268
359,327-4,4.7450371902843775
361,221-1,1.2322861633264746
362,205-2,7.756710488591254
364,107-1,1.8496643359196678
365,352-3,0.6390932179398705
366,129-1,1.1273608921052758
369,390-3,0.7027472787743604
372,466-1,1.7644538712416764
373,168-3,2.1126238793587855
374,173-4,6.744132157455304
375,397-3,2.468198836796151
376,404-2,4.070476909001708
377,169-1,3.2573394263525146
379,58-1,7.065185629408409
380,165-1,0.9078320459521796
383,122-1,2.969175185311212
387,408-2,4.139957212247522
388,292-2,0.4900629648423817
389,239-2,2.396716448003276
390,327-1,1.1721202926073826
391,396-4,2.5283449152927795
392,353-3,2.5195453164800163
393,448-1,6.538520005626424
397,145-4,1.7712260420386714
399,292-3,1.8589233203258917
400,359-4,3.037781372627478
401,136-4,5.544353364887428
402,384-3,5.17465584776156
403,200-4,1.076733175733743
406,161-1,1.4632747658133147
408,186-1,2.5631002279319053
409,182-2,3.4241099328185194
410,44-1,1.448062157795237
412,466-2,4.0292550062531465
413,245-4,2.07269051163771
414,175-2,4.412712216050859
416,155-4,1.5051677403718349
417,133-3,4.076170505375266
419,239-4,6.99218283400703
420,206-2,2.3123309939498093
421,284-3,1.2143614265686908
423,280-3,6.906787621668539
424,249-2,3.633514500639063
425,168-1,2.8651304829634787
426,339-3,4.422889384455207
428,73-1,3.2193522061435846
431,416-3,4.236739267464957
433,393-3,5.019263793828955
434,162-3,2.5550611978281865
436,36-1,3.639959340258802
439,136-2,3.12238615043577
440,253-2,1.702013936017566
441,315-1,6.791495825297861
443,99-2,4.234299078418768
444,17-1,0.8519715903769454
445,50-1,1.1707525269110828
448,315-3,1.5115748417072472
450,41-1,3.697637130344888
452,32-3,0.8723541157033566
453,242-1,6.494947046785322
454,438-3,0.9052390963319362
456,144-1,1.7823763630818026
457,106-1,2.0911235447259062
459,413-4,3.9860779920640477
460,309-2,7.319715108088688
462,195-1,1.5646860247171046
463,18-2,3.6966691101371354
464,438-1,4.93778037747416
466,278-3,0.6660991879748898
467,187-2,3.852619123479968
474,139-4,2.3252152731830362
475,335-1,6.145684186983731
476,374-3,1.8522129561766156
479,195-2,1.274766645205156
480,257-2,2.5194124606797006
482,95-2,0.7872890139588014
483,391-3,1.3296516502116356
487,322-3,4.8305731822509665
489,82-2,3.302972149885393
491,117-1,0.9256818324753212
492,432-1,4.970335751577755
494,423-3,3.6629081856758496
495,141-4,2.292442071798926
498,248-2,7.066941544334624
499,47-4,2.185442163124524
501,175-1,7.929920144471944
502,254-4,2.552566517301083
504,25-1,8.259396797879173
506,257-1,3.550146539275735
507,32-1,7.090897239264269
510,263-1,4.438638856535866
513,132-2,2.715891128092633
514,391-1,3.028543849923403
516,148-4,7.592136305922667
517,317-4,2.461423687093295
520,72-3,7.667610356991559
526,196-2,2.11710991250941
528,426-4,2.238364766377569
529,245-2,2.9637413772178625
532,215-2,0.6670810292958577
533,360-3,3.938256512482518
534,242-4,6.673253360918429
542,200-2,0.6914201286083245
545,131-1,6.484459035835179
548,184-1,1.2436773655623086
550,460-2,4.162053882900782
553,17-4,1.738640378007246
555,236-2,6.105194996540793
558,38-2,6.901868145550342
560,69-1,3.1979120425228107
561,143-2,4.316394141694418
564,419-4,2.6614738962229962
565,110-1,1.1557390488300312
568,398-3,4.843169487547073
572,298-2,4.458463577523754
576,118-2,4.4652243238581395
577,178-4,0.7005037202785762
580,272-1,1.1991623702920697
581,164-3,2.944041676899186
582,346-3,1.879493199274453
583,336-2,0.8031464675152316
586,21-1,3.3751605535895086
588,39-1,2.089329424521321
589,167-3,2.587669914948984
591,38-1,3.87969301865779
592,121-1,0.7038881077947347
593,75-2,4.92708356173149
596,166-1,3.1372080488901357
597,258-1,6.217381513313956
599,296-1,1.4633907140347362
600,303-2,5.715627547315509
602,466-4,1.1854576857481938
603,297-1,5.842041421484072
605,410-4,6.579789293508641
606,135-4,1.966941436907281
607,288-1,4.230764086585285
609,470-1,3.856120904928748
610,434-4,4.872469101150066
613,41-2,3.2036138856359853
614,28-1,2.313251841059296
616,282-1,2.2022850036685107
618,385-3,7.5328868669984805
621,276-1,1.2074539667686128
622,155-2,2.7075295009517086
624,314-2,6.988945861194166
625,180-3,1.308520994215273
627,276-4,3.7810397376115303
629,172-1,2.5535210228520655
630,365-2,1.7304426280944165
635,307-2,0.6444297900631213
636,439-4,2.6522364104245875
642,325-3,4.413324533487777
646,67-1,0.7123401244601201
652,140-1,6.258931287210788
654,234-1,4.791439530779487
655,72-1,1.0921861422632508
660,382-2,1.719819181724801
661,450-2,4.165504220238553
663,130-2,3.8551237393958577
668,388-3,5.846277767266667
669,61-1,1.463194514405464
671,299-2,0.9101122806146641
672,11-2,1.6636464431502713
680,31-2,1.8184500810896445
683,289-3,4.122766746532248
685,100-1,5.0559713957444945
687,128-1,2.405703360761901
688,313-1,1.7165787079657733
689,293-4,0.9984623891973342
691,241-2,2.1426137104071254
692,28-2,2.6204379309884493
693,401-4,1.070218333208007
695,19-2,6.284646546178687
696,290-1,6.258394300726669
697,135-2,1.2781167656563064
698,191-2,0.4951161111332998
699,457-2,6.7717937235221655
700,296-4,1.728813758718988
703,438-4,3.7321612364685945
704,450-4,3.723972555653376
705,47-3,4.704427994553537
706,166-3,2.293114417273381
710,312-3,2.958335117503374
714,462-2,3.7352903408824423
716,467-4,6.450728634831482
717,240-2,5.8647309420422635
718,193-2,3.5257800922185862
719,178-1,0.9368022057324977
723,291-1,2.879056257173886
725,112-1,0.9790888348951412
727,405-1,6.029178945470843
728,26-1,6.636515362255276
731,106-2,0.34248472075456693
734,390-4,6.236046603617111
739,56-1,4.368894567238725
742,118-3,0.9903354855333949
745,79-1,5.638491362662907
746,114-4,0.8379972111874451
747,69-3,4.230594797311749
749,155-1,1.39322264499284
750,24-1,1.218380023197237
752,86-2,1.6629021403604192
754,286-2,6.594449384106073
757,33-1,1.7129809411791215
760,275-1,1.4106799764446232
761,311-1,1.4853475326250585
762,376-1,5.3847401061842675
763,103-1,2.77892681526936
764,295-1,3.9215983709719064
767,472-1,2.726212899571263
773,323-3,0.0
776,119-4,6.043690566807768
779,103-2,7.307930678275138
780,64-1,4.136980542225544
785,260-4,1.8607188765268818
786,238-1,3.505110585180988
787,404-1,0.34248472075456693
789,449-2,6.339724606101626
790,448-4,6.891217376649452
797,439-3,7.587404076509084
800,192-1,1.181505866089526
801,475-2,2.061696813535801
806,443-1,2.82674734060895
811,10-1,0.0
812,284-2,2.9075983390927087
816,405-2,0.5861414783686701
817,311-4,7.28048478645347
818,190-4,6.792138905802438
819,313-2,2.893766549141989
824,53-1,2.242151385915396
827,345-3,6.291806095117597
828,99-4,5.956924658912765
831,156-1,1.9264643307470606
832,208-1,7.511833245290084
834,428-3,2.7889527235743006
843,266-2,3.0500348939947606
849,7-2,3.0366340414212294
850,290-4,3.677400986646175
851,442-4,5.281029533498699
856,126-1,0.8975075669479061
857,330-3,6.779524800941958
858,10-3,2.1369042637442606
861,412-4,6.433523283286045
863,81-3,1.419955335266613
864,147-3,4.075943457810039
865,159-2,2.99097192801087
867,263-2,5.234991453780083
869,73-3,2.605800508351326
870,20-1,4.032514736876022
871,338-3,2.597691140831953
875,12-1,4.824626429812017
876,280-2,6.060444185546067
878,402-3,1.9331357504113345
880,342-3,1.2518632067632587
887,194-4,4.011053710908032
893,134-3,6.569656134212494
894,92-1,2.6521655795908736
897,116-4,1.1321486707348816
898,465-2,5.497652146601801
902,293-2,0.9481098940777171
906,23-2,7.977969200102748
911,128-2,3.6166268083428084
913,299-1,6.135953339023868
916,390-2,1.3137197529026874
917,208-2,6.156304633952436
919,427-4,3.3561802098448363
921,20-4,1.4191556015830067
922,142-2,3.2964628827602303
926,286-1,1.559208927784459
928,308-3,2.9837177438915523
933,137-1,6.516813466106121
935,58-2,1.5817424967747673
936,321-1,2.490532786620854
944,370-3,7.1245629054800395
947,391-4,4.802590155890797
948,93-2,2.7375078714396346
950,420-2,2.3344654177921544
951,222-4,2.6551249777338293
955,463-2,5.718004780532811
959,455-1,1.261521379814805
962,321-2,1.4903573289871104
963,21-4,4.784709267591956
964,186-2,2.156737744695926
965,24-3,1.18081906932659
971,312-1,4.045111908513342
972,238-2,1.4310722687537512
982,313-3,4.957216447978999
987,50-4,2.5338204647865075
990,266-1,1.959969043661606
994,26-2,1.6733640506981269
1003,304-3,5.723752118549282
1004,386-2,5.733381410742334
1008,70-2,1.6193907141068462
1009,237-2,1.1573680502830601
1018,319-3,6.474735817979738
1021,251-2,6.129948049207184
1024,331-3,7.0370159296417585
1025,250-1,1.8198311333393948
1027,40-3,1.4051896714099001
1028,65-1,2.750155711539206
1031,67-4,6.764828684286176
1037,30-4,0.6552273555647982
1038,372-4,0.6069256344040853
1043,179-1,4.379475262454398
1045,279-4,2.7625135812285704
1048,181-1,3.9395373374401736
1051,192-2,5.394028713975698
1053,175-4,5.189568850138869
1054,327-2,3.526124865086083
1057,455-2,4.5767976215220685
1058,16-1,6.759900046758283
1063,323-2,2.513079323817629
1066,83-1,0.9693121515347685
1071,74-1,1.5533024450354436
1073,220-2,1.8883810079238947
1075,403-4,2.8709812589184436
1079,124-2,5.8739630602383635
1085,231-2,2.435253915232704
1086,341-2,5.265208603028102
1091,279-1,4.311164448480793
1098,120-4,0.8774891265262398
1099,366-2,2.4202655498463437
1102,210-1,2.626002206326172
1103,404-4,3.07204732205823
1104,138-2,3.237467115461803
1111,285-3,6.988869507732217
1112,157-1,3.136621115077599
1113,459-2,6.283037474720585
1117,320-2,4.750941571187506
1121,212-2,4.974008859425793
1124,370-2,1.7458841815485564
1125,91-1,2.654281382971473
1127,183-2,2.6658463764959723
1129,61-2,1.9290700034260237
1130,134-2,6.319086707262611
1138,53-2,2.9045854579782815
1139,429-4,6.819407908558769
1140,359-2,3.666587873564448
1142,260-3,8.005098889850872
1153,20-2,0.5417030564049934
1157,176-2,7.3517838587726185
1158,257-4,5.004330351291787
1159,407-4,1.5259101926171064
1164,40-1,3.5381589842270817
1168,449-1,2.94508932559134
1170,281-2,8.0726752465889
1171,86-3,1.4617243423080022
1174,259-2,2.741583328323622
1180,255-4,6.021584202253944
1182,307-4,5.025732348072782
1186,64-3,4.488757288340663
1187,35-3,0.6377877725973418
1192,325-2,1.6009726331447862
1193,17-2,2.011113114912741
1195,151-3,5.189691409308655
1198,125-4,2.254024779548383
1201,59-1,1.1468449324169012
1202,296-2,7.688853478435457
1203,288-4,6.230197091165564
1206,70-4,7.738540707470417
1207,326-4,4.814778382235228
1209,141-1,4.320323290701458
1211,123-1,6.985392303748148
1220,244-2,1.1060382433917897
1223,1-4,4.76022046972789
1227,189-3,0.7076521980467975
1228,148-1,7.704978994378367
1230,171-1,2.155735327167105
1232,310-1,2.6101001652777955
1235,77-1,0.4648926411492925
1242,377-3,1.2792710401833929
1246,116-1,7.799357597462484
1247,329-2,1.4654454596785418
1248,173-3,1.8761161881426005
1249,114-1,3.5218137962926974
1251,170-4,0.9788360664978899
1252,281-3,3.24122301029604
1253,118-1,5.791696585645863
1254,217-2,4.41643654118835
1256,293-1,1.786676898627769
1257,96-1,5.506886112200336
1258,455-4,1.9705293153215568
1260,322-2,5.90376772657647
1263,319-2,2.503115809574996
1266,7-1,2.3455211932423716
1268,467-1,3.626860093178108
1270,369-2,1.421856264048292
1271,121-3,4.043809392258557
1274,113-1,2.742789844610599
1276,34-3,2.307523818746502
1281,126-2,4.092085379199841
1282,300-3,1.9244541567712787
1287,291-2,1.2645196476310647
1289,128-4,6.21863245993804
1290,80-4,3.4779420923297364
1295,251-1,1.8124806020581317
1297,237-3,3.0521855614924425
1298,445-4,1.5392564656331513
1304,52-3,7.6334765439546395
1306,190-1,2.7605888374391494
1308,186-3,3.3237477600783696
1309,296-3,1.2182822199689123
1314,315-2,2.452047128429243
1321,310-3,6.720389674072986
1322,2-1,4.60764107601694
1324,274-4,1.1691850572346467
1327,56-2,2.830880840620663
1328,41-3,3.661576994499102
1337,325-1,4.0477242156108195
1339,223-1,3.6043431045841485
1340,160-4,0.874474933410607
1344,45-4,2.404945160310072
1347,107-2,2.7101900924313056
1348,395-4,0.42435497579699943
1349,379-2,4.9527115259173025
1350,115-1,1.778954450587996
1353,85-3,0.9671569452783579
1354,385-1,1.8336667716851045
1362,253-4,1.3420159319016338
1365,62-1,2.355540304093379
1369,66-1,3.874224448066232
1374,283-2,4.634188792004347
1380,208-4,1.9527403105428676
1386,287-3,1.9671109509072502
1387,264-2,5.474845754359396
1388,226-1,2.047853654521015
1393,434-2,4.435239918536169
1394,331-2,6.667597428369675
1395,84-3,3.351725530126609
1400,260-1,2.1086259173163704
1408,398-2,4.460971357686633
1411,259-1,6.254068959077912
1413,458-4,8.22199627038366
1416,269-1,7.780036780804018
1418,402-4,2.5013709401041173
1422,356-1,0.5315970470839095
1432,104-1,2.2730668914343797
1437,102-1,5.712603738219672
1439,341-3,7.035894448022286
1440,124-4,2.0135913482423606
1442,141-3,1.1511195429668906
1444,227-4,6.952436773316754
1447,234-2,7.402823511370823
1454,15-1,1.620199759470636
1455,342-2,1.901817483049225
1456,368-1,7.0036987660089
1460,382-3,7.488223713592214
1464,311-3,2.0172095988882135
1466,268-2,6.68385389771262
1467,468-2,2.4356033457568977
1468,387-3,3.375759358390605
1469,238-3,5.644359159522455
1474,416-4,5.045038665003813
1486,145-2,6.372404175801851
1487,405-3,1.7307407541582358
1488,435-3,5.207158079108686
1489,109-1,3.895094924519638
1491,299-3,0.5007858964585036
1493,376-3,2.242650998168105
1497,277-2,2.083471158822834
1512,23-1,5.408737605080979
1516,354-4,3.0674373486830278
1521,193-1,4.943244566795372
1523,350-1,0.9235651986592259
1529,256-4,2.006223812177795
1541,460-4,6.662652848982911
1551,443-4,5.207399430752989
1552,175-3,4.101045972051352
1556,37-2,2.670916243676627
1562,256-1,3.3043842202734433
1573,60-4,2.8848288280508676
1574,136-3,2.1223991288818875
1575,400-3,3.1652994548509894
1581,233-2,1.1434116850044362
1584,272-2,4.153199077250457
1590,45-1,7.529692343385754
1591,32-4,1.863064792519159
1594,302-4,1.4949239522705227
1608,45-2,7.8700217941239305
1609,23-3,1.503966453086619
1610,341-4,2.6360983948561403
1613,198-2,2.869505967767847
1617,281-1,6.347866664811602
1629,422-2,1.235655464477815
1635,211-1,0.29206912599249496
1639,148-2,3.974886151866545
1640,215-1,2.5020939328479397
1643,374-4,2.7777444291722544
1649,9-4,7.646267684959572
1654,471-1,6.51053773952988
1662,34-4,2.3208418005769396
1663,2-2,7.377410445905538
1665,251-4,1.1178228935049717
1668,76-1,0.8280709419238488
1669,394-4,5.528862607849236
1670,453-4,2.3084646165890734
1671,351-1,6.777851746821791
1672,409-3,0.8289256748356542
1682,295-3,2.066869018605103
1687,153-1,1.3625643693487428
1690,318-3,3.6890974585593166
1695,9-1,3.8005120660347886
1700,213-2,6.4677651558184595
1707,210-4,3.457019219584331
1708,292-4,6.897982118833836
1718,467-2,1.1438922619776069
1723,476-2,0.8386869226395446
1724,384-2,5.49926900722346
1728,406-4,4.4260796735615955
1734,436-1,5.114898962035584
1736,60-2,3.7197192217418693
1747,425-4,0.31386927500396733
1748,463-4,1.0734162928823292
1751,425-3,0.31610224438702655
1754,284-1,1.628668972206901
1758,437-3,7.216642152291347
1762,457-4,4.692111752907949
1765,469-4,6.547951946352859
1767,477-2,2.855794983323805
1772,258-4,4.939644886171664
1774,11-4,7.836700677841574
1780,31-1,7.320935622109946
1782,105-1,1.055980198314187
1786,202-2,6.9252468458852565
1791,237-1,2.4359172498561654
1795,453-1,5.194051084951736
1797,247-2,2.630050509646514
1799,109-4,4.200538164221008
1804,465-4,8.15889666339819
1805,3-3,1.7749608766117655
1809,447-2,5.164757624560449
1812,464-2,0.9411722009688563
1816,435-2,3.496432636344033
1830,397-1,1.4073190581479844
1838,16-2,2.3049839486410724
1840,421-3,2.468814214881139
1845,424-4,7.1319155410693575
1850,479-3,3.293159250833521
1854,421-4,0.6161305288845216
1856,323-1,5.804917811915299
1863,380-4,5.540397133800061
1865,10-4,6.051435651360654
1866,58-3,2.6171807645437735
1869,5-1,1.218892404282608
1875,329-1,5.410805308125853
1880,365-1,5.452024758496639
1896,361-3,4.140794459100798
1899,290-3,3.5965831401205466
1908,305-1,7.082582758181911
1910,37-3,2.753773503161162
1955,434-3,2.4565059574807067
1970,442-1,0.681640453271836
1971,74-3,5.978574028666536
1976,379-3,6.510029646863114
1979,96-2,6.240483905739962
1993,265-1,4.786335454502192
1995,112-2,2.810374457924597
1997,447-4,1.5671269490295108
1999,3-1,0.5296970712612874
2003,139-2,2.4917744879827
2005,36-2,1.456775896296397
2008,174-4,0.7793018088459567
2015,418-4,3.123786931437215
2017,138-4,1.2515711072763813
2018,422-4,1.1562184697757631
2027,353-1,0.23617180252946068
2037,403-3,3.0563397171093234
2043,464-1,1.2121874647215445
2044,279-2,0.3033410664919282
2046,360-4,1.1428893227070374
2048,108-1,2.642046560990558
2057,235-1,0.0
2058,326-1,2.179293797203691
2065,450-1,1.8937486130859846
2070,252-2,1.6115265602068165
2071,398-1,1.0013604051615324
2075,140-2,2.235796726759847
2081,50-2,0.9448487721152016
2083,375-4,2.1271132594514888
2086,385-2,1.4824362346371387
2092,369-4,0.559953410220792
2098,117-4,2.176186066703982
2107,287-2,2.5376646920207198
2109,464-4,1.6647964972121188
2111,36-3,1.3886254189851805
2120,335-3,1.0802858984915802
2127,431-4,0.0
2133,71-3,0.0
2144,280-1,0.6942850020871457
2146,154-3,2.1133522490083108
2151,303-3,3.6011071412481575
2156,4-2,0.7773457083331508
2160,395-3,0.5580560892138523
2163,338-4,0.4809796261855837
2169,359-1,4.107152614125841
2177,49-2,0.711963305847933
2190,479-2,1.4274980955863017
2197,315-4,5.591361747253157
2198,477-1,0.6444156889264804
2201,301-1,2.5327689736224
2203,68-2,0.3305264452848607
2207,356-4,2.384328095395082
2220,196-4,0.0
2243,288-3,2.110226041538051
2249,368-4,1.7272655174749632
2255,261-2,3.159385409482092
2257,146-2,1.0432820926060045
2258,419-3,3.870438540113418
2269,261-1,2.9445830777180726
2274,141-2,2.910299075543376
2281,283-3,6.143485536633324
2283,416-2,0.0
2284,48-2,0.6377439800390433
2287,188-1,0.0
2289,80-3,1.4960341467240446
2292,451-4,1.2809926533965765
2302,343-3,1.2737634427732631
2306,461-2,1.7497649429229216
2309,64-2,1.9471330898845614
2310,133-4,0.0
2319,30-2,2.214446949780121
2322,286-4,1.2057906874212947
2323,129-2,1.530386755995162
2326,189-1,1.9253018901862236
2335,442-3,2.9784111259127437
2338,393-4,0.0
2347,384-4,1.279880442370024
2348,40-4,0.13813763216278685
2352,269-2,0.8696015649676712
2362,108-4,1.7141022380563768
2367,440-3,4.076389799235787
2371,389-4,0.7321613885831243
2375,449-3,2.842821043383515
2379,444-3,0.2873723264600923
2381,474-2,0.549220493550044
2385,372-1,2.6859930555351466
2386,414-4,3.6800732320706686
2398,87-2,0.04130791079106488
2404,219-2,0.08279823803395471
2412,4-3,2.517024636355137
2416,178-3,2.0050823616107114
2425,422-3,1.026087817594764
2429,389-3,0.9668273782227534
2431,297-4,2.0744698205018777
2432,474-4,3.0786963159469316
2434,255-2,2.5477980568113003
2439,229-2,6.891247663479375
2440,459-4,0.40800125871544035
2441,454-4,6.433681996987856
2446,77-3,2.9561498315315995
2455,49-4,3.7892892587045544
2466,394-3,0.702016358528686
2468,230-2,1.0861205633328013
2474,204-4,1.3296516502116356
2476,185-4,2.842298680293136
2496,168-4,0.7259643683538854
2497,324-3,0.0
2505,462-4,0.549220493550044
2513,297-2,2.1605009392043506
2519,240-1,1.7808269529905012
2521,282-2,1.2102954945684645
2523,108-2,3.1618665531069583
2524,406-3,0.16623764293633195
2528,39-4,0.885287370223565
2540,189-2,5.028886109872388
2541,347-4,4.927967002186535
2546,60-3,3.7263049968017126
2560,320-3,1.1438761674642153
2562,99-1,2.103443077279425
2573,270-4,1.4178120820525617
2575,169-4,1.7491345546014172
2579,170-3,1.1771597866162173
2584,85-2,0.0
2587,356-3,1.5975633264610365
2597,242-2,0.0
2604,458-1,2.6585371067843506
2609,287-1,2.4283764591904626
2612,42-2,1.536431303891656
2617,217-4,5.793922505880003
2644,415-4,0.8316103825123287
2646,477-4,4.005212148701164
2647,456-1,1.1261752246035508
2660,111-4,1.7497649429229216
2661,471-4,0.9024743226012801
2663,298-3,0.8911647632867079
2673,377-2,0.19423994078215887
2674,351-2,0.7247259680818608
2675,206-4,5.015659029721564
2676,461-4,0.6527056112540148
2683,212-1,0.2951231668781132
2686,47-2,1.622684007365178
2688,333-3,2.459165297661542
2689,308-1,6.847042117166667
2699,418-3,2.6715344018924037
2701,350-3,1.5512920976027078
2711,331-4,2.9675146568141213
2723,211-2,2.1014600732284183
2730,22-3,2.5906186398870177
2732,82-3,0.0
2735,78-1,0.7588310680412326
2739,337-4,1.2760632487878383
2740,348-2,0.6293920554209127
2744,201-3,1.0847596327103712
2745,216-1,3.739261765762864
2746,363-2,3.1744028386179104
2750,272-4,1.309806263746723
2751,9-2,2.496437490750311
2754,342-1,1.1163526369538708
2764,63-2,0.9253476545303476
2773,444-4,1.5595117923773179
2777,113-2,1.0524091475200146
2779,111-2,2.2202718232477836
2780,476-1,1.2063515690719724
2785,317-2,2.0850101313230733
2793,203-2,4.5322053724205995
2796,345-4,7.6409389330821895
2807,294-1,0.9998207579856571
2811,169-3,2.6985059603311052
2815,54-3,1.5534028502261363
2816,79-2,2.8906232396702225
2828,94-2,2.597691140831953
2834,357-2,1.2252527997370037
2842,368-2,1.084377830686247
2845,177-1,1.7716163139094498
2848,430-3,2.9445830777180726
2851,278-1,1.9457330740619945
2862,63-4,1.236971435163123
2863,33-3,1.916009766137584
2865,217-1,0.9503718278571731
2868,219-1,4.684902350427935
2870,289-2,2.517630221834903
2877,367-3,0.3992762212017541
2881,104-3,3.1007502665456377
2882,153-3,0.5059005499697463
2886,262-1,2.1826991537918494
2892,247-4,2.3000214672660158
2897,389-2,0.9141448643465484
2929,475-4,2.441263048636623
2935,66-4,2.5379555062847214
2948,370-1,1.1149105256094851
2960,233-4,3.557549593364089
2965,163-4,2.8221985522831665
2969,437-4,0.5193557097308762
2970,264-1,2.4381338827311763
2973,211-4,6.498110468949823
2994,8-2,0.0813344589132496
3001,68-3,2.5941893924204793
3023,406-1,4.9476843415747735
3025,443-2,1.456775896296397
3035,423-4,0.6568987490182607
3039,321-4,0.39092401732694093
3047,150-2,3.0323982777309118
3050,316-4,0.7226768831091628
3076,254-1,3.5305482371794032
3090,427-2,2.66877247861896
3111,24-2,3.4455950573727128
3115,113-3,0.0929402139055113
3122,163-2,0.0
3127,27-4,1.9215070092174016
3134,302-3,4.9419362186252815
3140,460-1,5.329283013014885
3148,304-1,0.8679738824747002
3158,250-4,1.2372594343098797
3161,153-2,4.19498566041125
3164,331-1,1.8618654195046378
3170,298-4,1.5751447475165365
3185,171-3,3.6776038822275705
3187,459-1,1.3872159212104418
3204,462-1,0.706066626686576
3215,336-1,1.959274667215629
3224,35-4,1.4771107711819635
3226,334-1,0.9662796371389495
3236,278-2,2.7159368924729725
3240,200-1,1.3060427610946357
3245,294-3,1.2338745681262449
3247,234-3,0.2632571656747009
3259,404-3,1.2954503792806131
3272,155-3,4.09781036314761
3283,29-2,1.821990770272199
3287,261-4,2.6658670664801423
3295,295-4,3.128840099601893
3327,222-1,0.34538875233658456
3339,16-3,0.7447670625736762
3347,82-4,2.6586353838395356
3349,110-2,4.6752030799194575
3360,436-2,2.620828690262447
3371,150-4,0.6450687100342736
3376,10-2,2.4404960759880874
3380,354-1,0.4651129828998912
3384,59-4,2.366531413601808
3386,166-4,0.6540133964749743
3388,224-1,2.055684597454302
3391,161-4,0.7657680711233638
3394,158-4,6.847042117166667
3398,109-3,2.9138695302561106
3400,3-4,0.9924364215004748
3408,454-2,0.4519889193677607
3409,381-4,2.8889057333261214
3440,78-3,2.613905423436001
3445,108-3,2.1827744008385266
3454,12-2,1.3191024273853293
3460,183-3,4.201602283941128
3464,238-4,1.2325392166846774
3466,209-4,1.3867204340382315
3477,330-1,1.9300451134493741
3483,13-1,0.9759853752371703
3491,53-4,2.3955743649152534
3494,239-1,0.6382481105039461
3495,324-2,2.1509346195891705
3502,308-2,1.6796064325934312
3504,458-2,3.5570024434811547
3515,8-4,0.35808168188334333
3520,246-4,0.5685395205670151
3524,205-3,2.1170765724114324
3531,363-4,1.100564802758368
3532,424-1,3.5134857165273674
3534,120-3,4.094315200119567
3567,263-4,3.263020021275404
3570,172-2,1.7132351293744976
3574,250-2,0.5472824920137671
3583,271-4,1.4294484918232073
3585,66-3,0.921424191321871
3589,52-4,2.831534114075848
3590,302-1,1.3823250870882036
3600,25-2,1.5250152196768103
3601,62-2,2.619282611592832
3604,69-2,0.0
3608,60-1,1.24031157482772
3610,453-2,1.43136053658599
3612,412-3,3.6721230915022662
3629,157-2,2.285856215754427
3630,375-2,2.0221382685294804
3642,193-3,3.399593919023868
3661,248-1,0.9744784749206566
3662,103-3,4.722184583714493
3667,326-2,0.7694703577047217
3669,447-1,0.5730765400885652
3677,179-2,1.4623498522524052
3685,24-4,5.401483720050586
3692,333-2,0.3420853195251589
3721,415-3,1.5507914472231714
3725,171-2,2.0647492761222295
3734,140-3,3.4154029315756618
3737,232-4,2.0408091642616406
3738,137-2,1.7915370327447648
3758,80-2,1.234758957332458
3765,305-4,7.170404910821005
3768,133-2,0.0
3784,378-3,4.007935850074199
3789,300-1,2.6638566087151805
3812,431-1,2.9743383077802488
3818,371-2,3.214596676612124
3821,402-2,2.0551500514747105
3823,390-1,4.4755805193160025
3839,328-2,2.655430742593343
3857,53-3,0.0
3858,75-1,2.1209656994791293
3862,412-2,1.1077234383883088
3870,285-2,2.150366500802994
3882,119-2,0.43867536173776833
3892,442-2,5.799801879876404
3902,292-1,7.152697413436854
3909,337-2,0.853220746240729
3915,475-1,0.8237007304520995
3925,192-4,1.8036387866389703
3932,68-1,2.9958527689636827
3940,75-4,1.1707591062541751
3949,391-2,5.213930132138528
3959,343-2,3.8244596870498717
3973,306-1,3.3082349214490216
4001,372-2,3.064640683480967
4013,25-4,0.0
4015,49-3,3.490590383771434
4029,328-1,4.501160735657738
4030,457-1,1.6313133679136846
4032,423-1,0.7237030830007178
4059,349-4,2.5203723925372716
4077,51-2,0.297905604503772
4099,223-4,3.30182267271292
4114,265-2,0.7695093835685606
4127,67-3,2.172292098301714
4151,432-2,4.803296135975174
4152,205-1,4.186748351503334
4156,246-1,0.23789503388784686
4173,465-1,1.32957217764713
4189,419-1,0.7430653217669869
4206,84-1,3.1039880938862474
4207,230-4,0.1166034557812339
4212,439-1,5.300637953217075
4219,224-2,4.631354101030575
4220,102-2,7.1453408328041945
4231,376-4,4.327474523831724
4249,121-2,2.2910343884039612
4254,189-4,1.638211680006406
4259,384-1,2.611898300142142
4267,316-1,2.7127280053329117
4271,7-4,6.2758161029552095
4285,178-2,4.5291792094182854
4309,386-4,0.9812291098656339
4312,381-1,3.82857028834908
4321,342-4,2.500842142414468
4351,21-3,0.723196749223722
4352,162-2,5.593605313579782
4366,314-1,2.165230119122173
4373,312-2,0.4204742409254791
4391,470-2,2.473442784708818
4394,117-2,3.353867844838404
4415,323-4,0.5299881276392262
4428,389-1,0.7075831251110227
4439,44-3,0.22244222857718318
4444,135-3,3.4112720049369467
4449,207-4,4.646995223606266
4488,388-1,1.2846212439170361
4494,353-4,2.784590419066028
4504,412-1,3.4367963630153113
4512,212-3,3.0038651383145676
4520,244-4,0.46877575525186405
4607,181-3,1.3589036638359668
4645,157-3,5.487449097197297
4646,34-2,1.1829522761536155
4677,408-1,0.490367215042218
4695,375-3,1.023835819423886
4706,418-2,1.9984830003922482
4722,54-2,2.4086569294166438
4738,433-1,0.3253371636635214
4745,348-4,1.0238494848096864
4774,147-2,6.960038668688125
4803,92-4,0.8561616910435647
4827,303-1,2.5040739200866575
4837,413-3,1.9793195266213792
4855,180-2,1.1907196950153998
4896,205-4,2.2075442402016883
4899,134-4,0.9301810746084685
4909,374-2,1.3096382739058097
4917,122-3,0.9497475970503283
4973,307-1,1.0293503088158191
4981,87-3,4.210227318112771
5006,400-2,4.0587768010330505
5028,31-4,5.749261681910535
5045,310-4,4.667481744651925
5069,184-2,2.068601318929184
5074,319-1,1.0758598643379347
5076,335-4,1.227464432195239
5092,83-4,2.392240666757029
5111,73-2,0.0
5125,13-2,0.6150602888262605
5136,429-3,0.6497527748279286
5143,91-2,0.8514628408214469
5146,146-3,2.807149606648841
5182,169-2,1.143465369850299
5183,81-2,1.628816462442759
5218,131-2,2.4994342847063478
5221,247-1,1.5157089977943752
5222,469-2,5.793922505880003
5226,128-3,7.681745412384998
5232,220-1,2.3865522726343484
5249,473-1,0.6780270841333921
5265,74-2,1.036358502447731
5287,168-2,0.7672648024734119
5290,230-1,2.661364034416605
5302,116-2,2.0219759085954103
5309,474-1,0.3942960891066625
5315,301-4,3.0390663922973404
5323,256-2,0.9182376892826574
5376,431-3,2.7806974452396056
5381,271-3,1.6002357141542305
5383,140-4,0.6582948768437019
5413,291-4,2.767632650847355
5417,278-4,0.9953016553339327
5436,32-2,2.868026049866785
5453,163-3,2.041420624026629
5469,373-4,0.7573814054538733
5494,310-2,2.416000527778328
5525,83-3,3.0601119806639723
5554,56-3,1.1725286801238668
5564,366-4,0.23570838102485336
5571,478-4,2.9220538084726555
5575,438-2,1.5119577062554583
5589,363-1,1.787439612291801
5605,170-2,1.8998678530221964
5621,210-2,1.3212293056652364
5635,203-1,1.829032756843879
5648,88-2,2.9637616268371585
5654,66-2,0.0
5690,236-4,3.6479548759060476
5705,206-1,2.690987661395135
5708,280-4,2.2921628723651954
5728,218-2,0.4816703845111715
5759,125-2,1.9838818153377096
5765,105-2,1.5335189236008915
5772,15-3,2.1743978958282795
5773,320-1,1.051152012396107
5799,185-2,2.3440845056907245
5824,216-4,3.2213971414818205
5827,273-2,1.338392032715796
5834,469-1,1.036358502447731
5853,362-4,1.9804578686560053
5854,392-1,2.081120244898815
5864,316-2,1.1382034610140277
5912,97-4,0.6979726566896253
5926,142-3,1.821280413815673
5930,100-3,5.904201736398645
5972,252-1,0.0
5999,143-3,2.3813475294964093
6025,282-4,1.7544889859470683
6034,245-1,0.8725821526655761
6082,111-3,5.066853471938777
6089,362-3,2.3218145275017594
6094,233-3,2.3340915044423873
6096,137-3,0.9284569527246401
6098,282-3,3.5341837835257808
6105,96-3,1.9334622937497041
6138,371-4,0.5266909811176899
6142,131-4,1.9998452494399335
6163,365-4,0.81713285125264
6174,109-2,1.325156776261314
6188,225-1,0.8908602521569831
6198,318-4,1.774518982549215
6201,207-1,2.1169921591575673
6206,73-4,1.2123796159270186
6226,266-3,1.6277110044985241
6263,357-4,1.5513506814516347
6267,433-3,1.1808292883952762
6269,355-1,2.388847061263531
6297,209-1,1.1671528854451645
6312,39-3,1.954821964789659
6330,228-2,4.578502040312197
6410,259-3,2.5631863962330272
6417,456-4,1.2876312239171606
6418,92-2,1.8100727730448016
6433,285-1,2.2785158036238355
6441,59-2,0.8024666706746063
6460,123-2,1.712577387752699
6504,161-2,2.0650483312358685
6508,3-2,2.2377117730537033
6527,467-3,1.2895245290340374
6532,360-2,0.9210533184849554
6556,443-3,0.5228999050501564
6563,465-3,3.543205716199055
6590,401-3,0.9019866127374094
6591,332-4,0.6113541875744049
6624,56-4,0.9944071598519639
6652,85-4,1.1913057919362329
6676,441-2,0.29586363791167747
6707,351-4,3.772893229137264
6708,81-1,1.1083161423243832
6714,277-1,3.528462575168573
6721,308-4,0.6149129871704531
6749,241-1,0.6996604505005
6765,212-4,1.6026651577893216
6771,336-4,4.772452191268178
6794,259-4,0.6148705065395547
6799,76-2,1.4384011406580401
6826,452-4,3.379489484615708
6896,290-2,0.8164581937347372
6906,302-2,4.2648944870187435
6916,40-2,0.42759738673964476
6939,219-4,1.7827427688273516
6940,6-3,4.072672918490406
6993,228-4,5.656039256357964
7003,51-4,6.20311808540213
7014,324-1,0.8456377082831027
7018,63-3,0.8364767359212311
7025,377-1,0.48435279703739176
7041,44-2,4.358965127201966
7052,257-3,0.43762587371796235
7054,14-4,3.2968875020066957
7069,322-1,1.5881490439973371
7110,64-4,2.616057056429029
7140,183-4,2.4237941621385932
7159,451-1,1.607942196360383
7176,25-3,1.4495251487988978
7197,273-1,0.6270385100743917
7206,158-2,0.8810259189799774
7271,156-3,3.7992132700516
7275,360-1,0.8593666422387246
7278,89-1,1.5093503472482035
7281,154-4,1.1619014084169947
7317,352-4,1.7418878399874957
7324,173-2,2.22428725836433
7330,54-4,3.0490186868711397
7363,468-1,3.8077712219911883
7366,346-1,1.7283770885881224
7371,144-2,0.8462598920972297
7372,61-4,2.182820403180171
7374,455-3,3.784140637322344
7411,96-4,0.9965574225312
7418,94-1,8.838559753374083
7433,199-1,3.915736868992022
7473,340-4,1.2651874558566454
7481,145-3,5.538022825579619
7503,71-4,0.24484617434749156
7508,333-4,0.9005620032659343
7513,251-3,3.711550284928556
7530,362-2,3.2797492528775196
7532,100-4,1.18632424087708
7548,125-3,1.8569364773672252
7566,22-4,5.939845285753198
7568,132-4,0.9464033852397735
7623,409-1,1.3930660910926393
7644,432-4,4.979164738100037
7705,152-2,0.18863865221195852
7711,300-2,0.6092933182213223
7728,332-2,1.0579278465246706
7802,247-3,0.0
7803,348-1,3.5052450343273955
7880,471-3,0.8173780329243611
7889,159-3,1.8915801938779764
7928,144-3,1.5623429635231578
7936,57-2,1.2965397383417967
7953,199-2,1.1068601860378557
7955,322-4,7.697463168361401
7992,386-1,0.5925983287249247
8006,227-1,0.9942668124771374
8030,165-3,3.3233645464996395
8044,1-3,1.5908598499300939
8046,6-4,1.1600396123135865
8049,343-1,2.8824348669087216
8051,122-2,1.8799358633741725
8066,72-4,1.0151993540887458
8081,320-4,1.882506153314699
8093,393-2,1.5347270611422479
8109,388-4,1.1893745312169506
8123,16-4,1.7728523336653375
8129,181-4,1.207193748786819
8157,95-4,3.962278428097469
8159,329-4,1.3789185016370802
8180,165-4,4.824219203337985
8187,77-2,1.6372880008472415
8199,376-2,5.354274045961891
8202,131-3,0.8513390889450785
8206,445-2,2.7848133004140476
8260,149-3,0.6615313617647328
8279,127-2,0.9221107427592962
8300,440-2,1.8096148956063407
8394,317-1,1.549072823808442
8407,156-4,0.8760139903070518
8408,187-4,0.8290185745399942
8457,379-4,5.733260226376666
8465,68-4,1.3434298105960507
8475,116-3,0.9828718945462165
8518,407-3,1.376803811850189
8533,430-1,1.6530104022568095
8583,401-1,2.396436377497137
8591,382-4,1.2072173336282457
8592,349-1,0.15103585428797686
8635,306-4,1.5298310399862185
8642,274-3,0.6400525139801756
8656,106-4,1.5007839669375933
8687,164-4,1.1427048131631266
8696,81-4,0.7610807267380216
8734,454-1,1.3424031124864677
8740,69-4,3.418668854396497
8854,160-3,2.6883961600179203
8874,253-1,4.227992289495701
8910,456-3,2.380044278664453
8919,207-3,2.2662006009952367
8934,411-3,1.3876817059151278
8943,59-3,2.1001257158818043
8960,204-1,1.701162969552492
8967,12-4,0.0
9021,309-1,1.3533135711031479
9022,402-1,0.29989568623743434
9081,453-3,1.6459720113095944
9100,97-3,0.6926655402711824
9118,426-2,1.154021034019833
9126,249-1,1.8166510201662598
9144,77-4,6.3231420055441445
9173,394-2,1.911994023272369
9190,241-3,1.9522631855610943
9240,447-3,1.4120679039905197
9265,333-1,1.6161036289772308
9300,129-4,0.0
9306,113-4,3.132041684053196
9351,421-2,1.9745770726460226
9370,100-2,1.9877480974082036
9399,177-4,0.8604820954578826
9409,229-4,2.7126501519221815
9451,433-2,3.4876472324174856
9465,115-4,1.9263822026928494
9479,191-3,0.7385657622774637
9570,267-4,6.143813070785799
9603,191-4,0.43211714636848164
9606,318-2,0.8829637178641022
9632,396-1,2.588224584085644
9659,267-2,1.2342593196957625
9681,213-4,0.43867536173776833
9699,356-2,0.0
9700,422-1,1.8402047763450577
9707,240-4,0.0
9747,152-3,1.4948621629147814
9812,235-2,0.28177955692413736
9838,457-3,2.423690660047837
9844,471-2,1.543559959822788
9857,159-4,0.23617180252946068
9884,325-4,0.0
9941,45-3,1.2055138447029203
9951,456-2,2.586489760859109
10006,105-4,0.4963234823363853
10025,475-3,0.0
10080,197-3,0.968981237864463
10083,20-3,1.2349482441534678
10095,176-1,0.9475633332475845
10120,112-3,2.46055893856822
10125,397-4,3.4539910305239725
10149,478-1,0.3103915963439819
10152,355-4,0.4848808634923239
10154,452-1,3.374434639430863
10231,224-3,6.298499140853624
10292,27-3,0.841764831987225
10294,91-4,3.5729087669706585
10340,203-4,0.778558430703503
10343,146-4,2.5674643189905684
10368,341-1,1.3964723644845214
10405,334-2,3.248029685253322
10443,448-3,6.990089932981343
10449,357-1,0.506149947764557
10462,267-3,5.527323062881574
10516,461-3,3.871862355155512
10519,201-2,0.7079389553613754
10573,343-4,2.409459173152993
10575,367-4,2.076270902503063
10597,473-2,2.2024435871510684
10664,2-3,2.623373484124762
10742,84-2,2.5455120151202726
10809,396-2,2.0506166608273406
10855,199-4,3.441074612582915
10893,234-4,0.9025435710889801
10927,279-3,4.800347443427711
10928,474-3,1.7175293727160346
10950,339-1,1.269577075441754
10980,350-4,0.5314918641580937
11024,268-1,1.5074963545728908
11068,89-2,2.0205518082287357
11113,166-2,2.515743225752903
11121,425-1,4.353659699256883
11176,252-4,2.2812013824558104
11189,19-3,4.457854990185487
11205,98-2,1.8268357662834225
11224,219-3,4.319935960190461
11273,370-4,1.0217496625368603
11275,126-3,3.7220195355830574
11294,226-4,0.46626456031407876
11312,468-4,2.097734783012417
11328,337-1,5.021689183943324
11370,273-3,2.6416179933117916
11388,236-1,0.3520450280090878
11414,122-4,1.4777512054231048
11428,121-4,0.6414420354288868
11525,228-1,0.0
11579,104-4,1.0576490016602256
11585,99-3,0.5853677143662317
11586,174-3,1.8693333244805772
11592,221-4,0.9354811087847609
11631,347-1,0.42596530960285256
11648,93-4,1.5540646994471445
11694,394-1,0.45598120886448856
11706,18-4,1.2962453349752225
11734,36-4,3.1753435163197152
11787,411-4,4.551274593935333
11799,147-4,0.0
11801,338-1,1.1875869909214976
11837,48-3,1.2539509033416416
11855,202-1,3.70230188804036
11991,72-2,3.5396459230313955
11995,441-3,1.4207520184069797
12001,26-4,3.812501419093736
12095,225-3,0.26773085872066116
12246,269-4,1.2169416031490687
12294,459-3,0.5356549019283515
12358,313-4,0.5217266662515524
12408,423-2,4.994410511011234
12494,57-3,1.8014026141993817
12522,378-4,2.200433894859272
12578,62-3,3.2037588978577975
12618,355-2,4.789322958055024
12648,432-3,1.2135478147323566
12655,354-2,1.9662577056133652
12680,223-3,2.7161798628677354
12690,379-1,1.0416961639443139
12704,276-3,0.8335506647648121
12711,76-4,3.3220791371033713
12811,229-1,0.8864224605895812
12871,184-4,2.975353629206557
12961,188-2,1.585266687226591
12975,369-1,2.5520120608346333
13004,289-4,1.751042631018301
13034,345-1,0.8841421956647125
13060,29-4,1.5037441054602272
13082,42-3,0.8285292348463126
13213,177-3,0.3971433477114017
13335,198-4,1.342784351257049
13425,252-3,1.2019750036272554
13445,277-4,1.00429673124976
13468,441-4,2.1126422840554153
13487,231-1,4.657055160757855
13491,392-2,1.3146482461500346
13559,180-4,4.290333180710656
13591,44-4,1.7906394113682345
13605,5-3,1.0587977592189837
13611,57-4,6.337969658679566
13628,188-3,1.68015535687444
13684,312-4,2.2336132910359856
13741,275-2,4.213549478428307
13751,107-4,2.339165349524089
13806,214-1,1.7702934362440401
14158,78-2,2.208831970151527
14220,181-2,0.5214077328786907
14228,435-1,4.495845970376423
14372,7-3,5.334700149912033
14377,415-1,4.030836199047079
14403,283-4,3.0098826107191097
14411,262-2,2.725173501141781
14414,364-1,1.6116989602675598
14492,158-3,1.822333257675378
14493,334-4,3.502950817251548
14590,86-4,2.9378773564943335
14649,62-4,0.5391417017184094
14675,421-1,4.221244010440769
14741,202-4,4.3606383886640545
14769,74-4,2.4473285661950612
14800,151-4,0.8705759896205157
14803,148-3,0.8265481105857618
14840,198-1,1.777660009678385
14873,46-2,3.140742174830533
14906,332-1,4.089012155489895
15116,430-2,5.658260091997388
15189,270-3,3.5932706099677065
15198,179-4,0.47426431593043106
15242,50-3,3.1863225847647194
15335,38-4,1.0960206034857651
15337,177-2,0.18225808007090424
15655,387-4,1.541743498709487
15921,13-4,0.9021999335053572
15989,215-4,1.5276858163388594
16036,374-1,0.8471519215162168
16104,48-4,0.4891854778494755
16177,17-3,3.5032467406620467
16241,220-4,4.0627399370968424
16246,468-3,1.7700502297575562
16283,19-4,1.9253018901862236
16456,29-3,7.200453771812811
16471,304-4,0.6714464507726705
16490,428-2,0.7485679239216052
16505,419-2,2.6614396955522714
16511,428-1,4.533207594498525
16558,452-3,2.39427982210503
16630,132-3,3.845957396967877
16998,84-4,0.518509282735352
17234,123-3,4.888515384090765
17294,138-3,1.227026443483028
17305,185-3,1.5615875719338923
17321,335-2,1.9469905559361425
17391,5-4,1.6352669157418236
17526,214-4,2.4514510464446952
17580,123-4,1.7326714192312664
17588,400-1,2.2238945973186497
17609,187-3,0.9574973347878746
17614,243-2,1.3577461442095158
17634,373-2,0.4114166382792045
17657,184-3,5.131836121652989
17770,83-2,2.152822998431134
17777,364-4,0.7320137281105917
17833,248-4,1.3707983462821032
18142,79-3,1.2209391384856616
18280,115-3,0.5867472195556214
18311,23-4,1.5028296732961948
18476,437-1,0.42668035324913955
18552,330-4,1.2043411724161435
18593,137-4,1.2657812961141088
18598,232-3,1.6790434414731643
18640,224-4,3.7903508492802445
18771,380-1,2.4463229609944683
18794,156-2,1.6329767797119066
18983,13-3,1.4079937251135866
19090,243-4,1.6895567114505778
19115,201-1,2.5591939450483494
19213,239-3,0.7665063256458906
19237,284-4,0.9433901994150227
19465,463-1,2.3727198279757626
19490,237-4,0.6239744223374153
19554,437-2,3.625499839667446
19555,346-4,1.2373876285649323
19655,129-3,3.6499018325015915
19693,339-2,1.0388060554667788
19746,152-4,2.5362395596630134
19949,30-3,6.118145028395656
19974,353-2,1.0155064037034403
20105,246-3,2.2153373291967298
20125,413-2,0.4461070555692756
20218,124-3,1.5093399828630327
20220,410-3,2.4989901869316
20263,236-3,1.1196741170561828
20502,267-1,4.420386601408532
20543,466-3,0.8097237216564964
20643,149-4,5.33123890143693
20947,401-2,0.330224322386459
21201,186-4,1.9499686540107428
21213,350-2,2.716862501476447
21270,427-1,3.035406366802799
21277,144-4,1.2407835279402406
21355,58-4,0.660593281784902
21454,460-3,0.8217857415975334
21520,242-3,2.3083858467958285
21584,415-2,0.36966978177774223
21946,272-3,2.198936092885938
21987,265-4,2.1281023510831227
22229,243-1,2.437504165025543
22792,303-4,1.7600897279627559
22956,387-2,2.770522783921682
23004,208-3,1.7563283029945378
23151,381-2,0.5089332824035729
23498,362-1,3.2982969616552893
23535,309-4,2.532797624707377
23613,88-4,1.0002355372164682
23642,361-4,0.3125354469474158
23658,403-1,2.6751178586742603
23699,235-3,1.2457461242711456
23990,375-1,2.888183904143797
24097,458-3,1.6636464431502713
24344,380-2,4.705118764418177
24434,11-3,2.012059693261807
24667,211-3,2.0073353966176346
24723,195-3,4.213189956198801
24780,2-4,1.0554937306511984
24973,281-4,3.9546334060544037
25179,416-1,0.9474432687176121
25492,364-2,1.333964196544282
25747,95-3,0.8573247323607459
25882,361-1,1.0564356503912793
25937,28-4,1.4290425700425244
26037,119-3,2.013073688581447
26559,37-4,8.132718184453577
26675,366-1,1.1804865008957877
26685,454-3,1.1449019625755894
26815,126-4,1.541731108933036
26851,225-4,0.9247972766578726
27324,262-4,2.623010698268522
27448,397-2,1.8537240309565242
27879,209-3,0.6136289261994069
27974,201-4,2.3870234239791652
27976,249-4,5.467724690915373
28384,352-2,2.0550724708473482
28401,117-3,5.543430959480134
29053,472-3,1.7700502297575562
29607,382-1,2.2534190408035024
29714,328-4,4.383421150295452
29778,8-3,2.941692473216067
29863,65-3,1.4468098188434482
29979,407-1,3.0087839315372795
30044,105-3,4.022024291668183
30283,245-3,0.7744606624330839
30465,226-3,1.3785691094019514
30952,373-1,0.7376805387481741
30976,213-1,0.8317356084343487
31408,51-3,3.2723863358436907
31438,444-2,1.6558328331456642
31541,345-2,6.0417024072737995
31656,414-2,2.9122833874931424
31714,378-1,4.025862973675862
31744,256-3,2.4593147346597175
31878,89-4,3.2056293513092164
31902,418-1,1.1502632877124375
32081,429-2,1.7540094714409398
32099,445-1,1.708948456753247
32776,15-4,2.7959467394258417
32926,107-3,7.4945794036265685
33511,367-1,5.732873498251857
33561,4-4,1.0564320644784397
33579,12-3,2.3982599788366867
33755,112-4,3.9352763689805967
34372,206-3,6.376034101997954
34558,102-4,3.9645500474929514
34940,349-2,1.4855811210447882
34984,409-2,1.7666709734548733
35355,98-3,4.649404641342294
35716,411-1,2.8760024799346664
35739,118-4,3.0610326940789743
36324,378-2,2.4875134149041824
36430,231-3,4.022674599050711
36554,228-3,3.4652203176765295
36720,130-3,6.341194074422245
36900,93-3,0.8994405999556659
37129,403-2,2.2951754127511035
37582,192-3,3.6743916680511357
37602,157-4,2.1148399838278937
38186,196-3,0.9070615924045283
38544,314-4,2.5725763431450255
39661,171-4,2.044197087297204
39927,319-4,7.855119160837688
40186,339-4,0.9428143049311455
40205,477-3,3.555295902717461
40672,439-2,2.5575404613075303
41259,218-4,5.600877044909901
41985,352-1,4.233735764598508
42643,143-4,3.4951986985221595
42814,92-3,1.089208869639249
43013,285-4,2.4427058368365864
43343,407-2,7.953097742376293
43508,195-4,1.2283764313092618
44026,110-3,2.162811245117186
44366,478-3,1.3041648193414896
44431,222-3,5.879935237448543
44630,346-2,6.248031810639472
44715,414-1,1.7461850026060073
44778,254-3,1.0302074251035342
45299,102-3,1.5365708269187213
45444,464-3,1.0190923726186798
45667,153-4,1.919953238435526
46069,98-4,4.1530600083702165
46168,450-3,7.720923139814589
46879,78-4,1.7596498220013947
47107,476-3,1.356855577473637
47113,240-3,4.297851365858772
47281,26-3,3.1828066521677782
47363,268-4,4.283283762435758
47386,106-3,2.896530680927613
47616,218-1,4.861898521286906
48743,425-2,2.734335804704636
48946,217-3,2.2887502724962125
49019,130-4,7.737489084574825
49134,413-1,4.53889786881443
49210,441-1,1.9808206333341893
49251,250-3,4.570965263782716
49332,371-1,0.8120248385525572
49501,210-3,5.192455637509831
49543,273-4,4.8521665659850655
51232,218-3,2.228283476201679
51556,94-3,4.237654605094387
52542,203-3,0.609903161867488
52628,42-4,1.0739606851727208
52905,426-1,5.9763890560563775
52908,167-4,2.3934524763451313
53357,243-3,2.862362997660548
54897,176-3,5.709339035025142
55936,94-4,2.6679808402053644
56195,110-4,6.25053968630324
57004,127-3,3.376308563584727
58513,249-3,4.505576443821373
62470,395-1,1.4265270268870731
62640,387-1,0.6095625512564501
66609,444-1,4.13278344831996
66645,275-4,2.289786082320994
66932,262-3,3.8655196127274647
68271,361-2,4.3113215179054505
68540,417-4,1.4431851541033536
69305,248-3,4.14632778318685
72001,188-4,2.5674146684801586
72050,268-3,7.756816340548203
